max_depth,min_samples_leaf,min_samples_split,cv_rmsle
,5,5,0.4105213601014004
,5,10,0.4105213601014004
,5,2,0.4105213601014004
,2,10,0.41404322653268055
20.0,5,10,0.41440254042807523
20.0,5,2,0.41440254042807523
20.0,5,5,0.41440254042807523
20.0,2,10,0.41553037139822113
,1,10,0.41688439946724315
20.0,1,10,0.42170546121683
20.0,2,5,0.428963113667484
,2,5,0.42923400455969485
,2,2,0.43069869762050317
20.0,2,2,0.43259228645681624
20.0,1,5,0.4344850449213625
15.0,5,2,0.4354178521940149
15.0,5,5,0.4354178521940149
15.0,5,10,0.4354178521940149
15.0,2,10,0.4385593928615357
,1,5,0.43969801989194135
15.0,1,10,0.44174702703149976
15.0,2,5,0.4477216462181574
20.0,1,2,0.44838460656821943
15.0,2,2,0.44956066686687957
15.0,1,5,0.4515750444719277
,1,2,0.45408082791495785
15.0,1,2,0.45758239563224634
10.0,5,2,0.5614761301681327
10.0,5,10,0.5614761301681327
10.0,5,5,0.5614761301681327
10.0,2,10,0.5637028453642535
10.0,1,10,0.5639954621884516
10.0,2,5,0.5665509203613307
10.0,2,2,0.5670068755923888
10.0,1,5,0.5674375483499826
10.0,1,2,0.5684109086968606
