learning_rate,max_depth,min_samples_leaf,min_samples_split,n_estimators,cv_rmsle
0.1,4,2,5,300,0.30631575288473245
0.1,4,1,5,300,0.3066301484057036
0.1,4,1,2,300,0.3070670913134166
0.1,4,2,2,300,0.3073613196685101
0.1,4,2,5,200,0.3208588109131191
0.1,4,1,2,200,0.32091689611931884
0.1,4,2,2,200,0.3214147617741326
0.1,4,1,5,200,0.3215913013282772
0.1,3,1,5,300,0.3240039758234023
0.1,3,1,2,300,0.3243528535431488
0.1,3,2,2,300,0.32471352132359776
0.1,3,2,5,300,0.32474081619641
0.05,4,2,2,300,0.3377052617490457
0.05,4,2,5,300,0.3377326044699779
0.05,4,1,2,300,0.3377992956876759
0.05,4,1,5,300,0.3381461903112525
0.1,3,1,5,200,0.34831170451707444
0.1,3,1,2,200,0.3486858975541243
0.1,3,2,2,200,0.3488789645857871
0.1,3,2,5,200,0.3488860898744991
0.1,4,1,2,100,0.3681586209798454
0.1,4,2,5,100,0.3683698256704189
0.1,4,2,2,100,0.36850735299357784
0.1,2,2,2,300,0.3685711673682032
0.1,2,2,5,300,0.3685711673682032
0.1,4,1,5,100,0.3687388122626061
0.1,2,1,2,300,0.36917844946709943
0.1,2,1,5,300,0.36917844946709943
0.05,4,1,2,200,0.36965955976212417
0.05,4,2,2,200,0.3702069140377824
0.05,4,2,5,200,0.3703368509868724
0.05,4,1,5,200,0.37089206078770387
0.05,3,2,5,300,0.3730823964688616
0.05,3,2,2,300,0.3730823964688616
0.05,3,1,2,300,0.3731660655635336
0.05,3,1,5,300,0.37326733158899983
0.03,4,2,5,300,0.38124006659169984
0.03,4,1,5,300,0.3813609901923004
0.03,4,2,2,300,0.3815934083756677
0.03,4,1,2,300,0.3820169668780767
0.1,2,2,2,200,0.4064880969989435
0.1,2,2,5,200,0.4064880969989435
0.1,2,1,2,200,0.4065009065393975
0.1,2,1,5,200,0.4065009065393975
0.1,3,1,2,100,0.4166230017104119
0.1,3,1,5,100,0.41663310683430127
0.05,3,2,2,200,0.4170428296859143
0.05,3,2,5,200,0.4170428296859143
0.1,3,2,5,100,0.41727525066927684
0.1,3,2,2,100,0.41728462635700997
0.05,3,1,5,200,0.4181845472951472
0.05,3,1,2,200,0.4181877282004939
0.03,3,1,5,300,0.43357902253959174
0.03,3,1,2,300,0.43358450840270135
0.03,3,2,2,300,0.4340822237552192
0.03,3,2,5,300,0.4340822237552192
0.03,4,2,5,200,0.4383065072791463
0.03,4,2,2,200,0.43888214863923897
0.03,4,1,5,200,0.4389536018165975
0.03,4,1,2,200,0.4400758395075338
0.05,2,1,2,300,0.4418768099309284
0.05,2,1,5,300,0.4418768099309284
0.05,2,2,5,300,0.4418768099309284
0.05,2,2,2,300,0.4418768099309284
0.05,4,2,2,100,0.47250629057319626
0.05,4,1,2,100,0.47254296749882024
0.05,4,2,5,100,0.4726064239806986
0.05,4,1,5,100,0.47371843102563016
0.1,2,2,5,100,0.5098012099702214
0.1,2,1,2,100,0.5098012099702214
0.1,2,1,5,100,0.5098012099702214
0.1,2,2,2,100,0.5098012099702214
0.03,3,2,2,200,0.5112222371019868
0.03,3,2,5,200,0.5112222371019868
0.03,3,1,2,200,0.5116059945661295
0.03,3,1,5,200,0.5116059945661295
0.05,2,1,2,200,0.5125175858441434
0.05,2,2,5,200,0.5125175858441434
0.05,2,1,5,200,0.5125175858441434
0.05,2,2,2,200,0.5125175858441434
0.03,2,2,2,300,0.5380449715287277
0.03,2,2,5,300,0.5380449715287277
0.03,2,1,2,300,0.5380449715287277
0.03,2,1,5,300,0.5380449715287277
0.05,3,1,2,100,0.552613728337846
0.05,3,1,5,100,0.552613728337846
0.05,3,2,2,100,0.5531355666906357
0.05,3,2,5,100,0.5531355666906357
0.03,4,2,5,100,0.6037333227358636
0.03,4,2,2,100,0.6037333227358636
0.03,4,1,5,100,0.6043585749501222
0.03,4,1,2,100,0.6043613001215071
0.03,2,1,2,200,0.6322487992096486
0.03,2,1,5,200,0.6322487992096486
0.03,2,2,2,200,0.6322487992096486
0.03,2,2,5,200,0.6322487992096486
0.05,2,1,5,100,0.6759786080221994
0.05,2,1,2,100,0.6759786080221994
0.05,2,2,2,100,0.6759786080221994
0.05,2,2,5,100,0.6759786080221994
0.03,3,1,2,100,0.6947661072938484
0.03,3,1,5,100,0.6947661072938484
0.03,3,2,5,100,0.6947661072938484
0.03,3,2,2,100,0.6947661072938484
0.03,2,2,5,100,0.8264067819526663
0.03,2,1,2,100,0.8264067819526663
0.03,2,1,5,100,0.8264067819526663
0.03,2,2,2,100,0.8264067819526663
