feature,importance
peak_weekday,0.2677428277048792
peak_weekend,0.16402543925734647
year,0.09728774019770813
atemp,0.0846864432796683
temp,0.055767786406432374
humidity,0.055262142925456156
hour_9,0.025309848774004894
atemp_bin_gt30,0.021192577086684525
hour_16,0.017257798720352092
hour_20,0.01564070151086451
hour_19,0.013859836292238095
hour_8,0.012700763450645546
hour_7,0.01104114487998687
weather_3,0.01002250741746824
windspeed,0.009686011043544924
hour_2,0.008013121470614008
hour_1,0.007797679517853033
hour_3,0.00726853210315434
hour_4,0.007212411848453849
hour_0,0.006533771168885768
hour_5,0.006532517408563975
hour_17,0.0059626808237975195
month_1,0.005741092557193069
hour_18,0.00550079807005758
hour_21,0.005346746988980106
workingday,0.004945503757795851
month_10,0.004720700785964409
dow_4,0.004567601008675821
month_2,0.0039026075411634363
month_12,0.0038755840588495087
hour_23,0.0036507504985743896
hour_10,0.003349355292504767
month_11,0.003304932074147268
month_3,0.0031337480306757753
hour_6,0.0026118801450889205
month_4,0.00258582744609468
dow_6,0.0025435599633944705
month_7,0.002266024727220786
dow_0,0.0019487984324530188
hour_22,0.0018087880382494845
month_9,0.001739996901924857
hour_12,0.001679735245777979
weather_1,0.0015654463878093541
month_5,0.0015418846966078136
dow_5,0.00152394507577123
dow_2,0.001416919651820613
temp_bin_20_25,0.0012960428472544362
hour_11,0.001159953551105186
month_8,0.0010503342622651078
dow_1,0.0010486277606046126
weather_2,0.001031537899772378
hour_13,0.0010263552135090159
dow_3,0.001021290287585255
temp_bin_25_30,0.0008996408836373595
hour_15,0.0008765025945812961
month_6,0.0008164299502382758
hour_14,0.0006696914219787562
atemp_bin_20_25,0.000634383965855899
temp_bin_15_20,0.0005869749454182951
temp_bin_10_15,0.00043967576947581515
atemp_bin_25_30,0.00038614278290831887
temp_bin_lt10,0.00033718437390206494
atemp_bin_15_20,0.0003020876698841414
temp_bin_gt30,0.00018943533139132414
atemp_bin_10_15,0.00011481738919562448
atemp_bin_lt10,3.091938032958957e-05
weather_4,5.4610537092431745e-06
