max_depth,max_features,min_samples_leaf,min_samples_split,n_estimators,cv_rmsle
,1.0,1,2,200,0.3213527663925658
,1.0,1,5,200,0.32144962585874487
,1.0,1,5,100,0.3223065919721023
,1.0,1,2,100,0.32261224010578576
25.0,1.0,1,2,200,0.3227814927378433
25.0,1.0,1,5,200,0.3229598510656352
25.0,1.0,1,5,100,0.3237078768492147
25.0,1.0,1,2,100,0.3239056038344616
,1.0,2,2,200,0.3257042067773263
,1.0,2,5,200,0.32570749090514994
,1.0,2,2,100,0.3263410928206823
,1.0,2,5,100,0.3263821750973217
25.0,1.0,2,2,200,0.3269137536886265
25.0,1.0,2,5,200,0.3269357909985127
25.0,1.0,2,2,100,0.3274838173912174
25.0,1.0,2,5,100,0.32758024143332715
15.0,1.0,1,2,200,0.3624763041969972
15.0,1.0,1,5,200,0.36248927915460805
15.0,1.0,1,2,100,0.3633553371756778
15.0,1.0,1,5,100,0.3634771116709506
15.0,1.0,2,5,200,0.3647132153449032
15.0,1.0,2,2,200,0.3648083057709493
15.0,1.0,2,5,100,0.36560695774715896
15.0,1.0,2,2,100,0.36561360539661136
,sqrt,1,2,200,0.40110201395019657
,sqrt,1,2,100,0.4027503604333811
25.0,sqrt,1,2,200,0.41027111063453103
25.0,sqrt,1,2,100,0.410725184160749
,sqrt,1,5,100,0.4107274605482808
,sqrt,1,5,200,0.41086420318649264
25.0,sqrt,1,5,200,0.4166080166192267
25.0,sqrt,1,5,100,0.41729151173316686
,sqrt,2,5,200,0.43246777551656407
,sqrt,2,2,100,0.43327206311614547
,sqrt,2,2,200,0.43332434700132366
,sqrt,2,5,100,0.4340178425215108
25.0,sqrt,2,2,100,0.4377625904809814
25.0,sqrt,2,2,200,0.43799507275733623
25.0,sqrt,2,5,200,0.43822164809914277
25.0,sqrt,2,5,100,0.43889410433499715
15.0,sqrt,1,2,200,0.5103826928412039
15.0,sqrt,1,2,100,0.5104379004345112
15.0,sqrt,1,5,200,0.5137442293132589
15.0,sqrt,1,5,100,0.5149300092250698
15.0,sqrt,2,5,200,0.5204718313921901
15.0,sqrt,2,5,100,0.5204849412333009
15.0,sqrt,2,2,200,0.5211887037427392
15.0,sqrt,2,2,100,0.521983095621533
