onehot_buckets,use_month,use_dow,drop_temp,drop_holiday,peak_hours,cv_rmsle
0,1,1,1,1,1,0.28256
0,1,1,0,0,1,0.28273
0,1,1,0,1,1,0.28282
0,1,1,1,0,1,0.28296
0,1,1,0,0,0,0.2833
0,1,1,1,1,0,0.28337
0,1,1,1,0,0,0.28363
0,1,1,0,1,0,0.28393
0,0,1,1,1,1,0.28913
0,0,1,1,0,1,0.28935
0,0,1,0,1,1,0.29015
0,0,1,0,0,1,0.29043
0,0,1,1,0,0,0.29063
0,0,1,1,1,0,0.29078
0,0,1,0,1,0,0.29138
0,0,1,0,0,0,0.29162
1,1,1,1,0,1,0.29875
1,1,1,1,1,1,0.29948
1,1,1,0,0,1,0.30005
1,1,1,0,1,1,0.30011
0,1,0,1,0,1,0.30219
1,0,1,0,0,1,0.30251
0,1,0,0,0,1,0.30308
1,0,1,0,1,1,0.30413
1,1,1,0,1,0,0.30419
0,1,0,0,0,0,0.30438
0,1,0,1,0,0,0.30451
1,1,1,0,0,0,0.305
1,0,1,1,0,1,0.30538
1,1,1,1,0,0,0.30553
1,1,1,1,1,0,0.30584
1,0,1,1,1,1,0.30612
0,1,0,0,1,1,0.30889
1,0,1,1,0,0,0.30913
1,0,1,0,1,0,0.30935
1,0,1,0,0,0,0.30936
1,0,1,1,1,0,0.3094
0,1,0,1,1,1,0.30956
0,1,0,0,1,0,0.31017
0,0,0,1,0,1,0.31018
0,0,0,0,0,0,0.31075
0,0,0,0,0,1,0.31103
0,0,0,1,0,0,0.3122
0,1,0,1,1,0,0.31228
0,0,0,0,1,1,0.31834
0,0,0,1,1,1,0.31857
1,1,0,0,0,1,0.31905
0,0,0,0,1,0,0.31927
0,0,0,1,1,0,0.3196
1,1,0,0,1,1,0.32067
1,1,0,1,0,1,0.3207
1,1,0,1,1,1,0.32087
1,1,0,0,0,0,0.32241
1,1,0,0,1,0,0.32305
1,1,0,1,0,0,0.32459
1,0,0,0,0,1,0.32498
1,1,0,1,1,0,0.32613
1,0,0,1,0,1,0.32645
1,0,0,0,0,0,0.32684
1,0,0,0,1,1,0.3277
1,0,0,1,1,1,0.3286
1,0,0,1,0,0,0.32873
1,0,0,0,1,0,0.32993
1,0,0,1,1,0,0.33148
